ACY,2020
AFK,2021
AGV,2019
AHB,2021
AHO,2021
ALR,2015
AMU,2017
AON,2019
ARY,2020
AVD,2019
AZA,2021
BAL,2014
BBK,2020
BIH,2021
BIL,2021
BNR,2021
BSN,2021
COU,2019
DHD,2021
DJS,2019
DMH,2021
DNG,2018
DNK,2021
EDP,2011
EFG,2008
EJXCASH,2013
FAF,2009
GPR,2019
GVO,2015
GYD,2021
HJD,2021
HMA,2021
IMO,2012
IVA,2018
JAE,2018
JAT,2017
JATCASH,2017
JND,2021
JTR,2011
KTC,2021
LAV,2021
LHS,2013
MDR,2019
MDS,2021
MHM,2021
MKO,2021
MOS,2015
MST,2013
NA1,2007
NIB,2018
NSH,2013
NSY,2021
NVS,2021
NWX,2006
PCH,2021
PGU,2016
PMW,2011
PTW,2016
PUK,2021
QRL,2012
RDN,2019
RGD,2019
RKT,2019
SA3,2006
SBC,2021
SBL,2017
SBT,2008
SDE,2021
SHO,2017
SJK,2021
SMY,2017
SSB,2021
STK,2021
TS2,2006
UMA,2018
VDG,2021
VEJ,2021
VF6,2007
VGE,2021
VKG,2019
VKH,2021
VMK,2021
VMY,2019
VNI,2019
VPV,2017
VQ5,2007
VSI,2018
VSO,2021
VWA,2021
VYA,2021
WAK,2013
XVL,2010
YAP,2021
YHY,2019
YJN,2019
VPW,2021
PDE,2021
KJB,2021
AHG,2021
AJE,2022
AJU,2022
ANN,2015
DPA,2022
DPP,2022
GDE,2022
GST,2020
HDH,2022
ISR,2022
JAG,2021
JNJ,2022
JSS,2022
JYS,2022
KKH,2022
KML,2022
KMP,2022
MKC,2022
MUT,2022
NAU,2022
OCZ,2022
OKD,2022
PAO,2022
PHU,2022
PKK,2022
PKP,2022
PKW,2022
PLE,2022
PMR,2022
PNK,2022
RJF,2022
RME,2022
RPR,2022
SDF,2022
SFY,2022
SKF,2022
SRB,2022
SSC,2022
SXH,2022
SYU,2022
THJ,2022
TNA,2022
UKH,2022
VDP,2022
VRR,2022
VYD,2022
YMC,2022
YOH,2022
YOK,2022
NDE,2022
VML,2022
NSG,2022
